zero_crossing_mean,zero_crossing_var
0.047413584430673894,0.003303380699183281
0.0635227052672347,0.002982569972819224
0.10047944460556844,0.0006401408846250583
0.09003030138244393,0.0025685796538025786
0.07866434086948103,0.0018311106231647355
0.07314286965873937,0.0008630216914608176
0.054116766920023235,0.0008435890506952299
0.09881927466595662,0.003995602992569665
0.05266553906855151,0.00029307060743472555
0.08207777098663827,0.00579637695913392
0.06265166598082882,0.0012818561875693798
0.08620071116105955,0.0010466463655530954
0.07948885916924864,0.0006327584360507349
0.1110512683965918,0.003970022252194922
0.06015277038148722,0.0003673420821186223
0.1194371490123935,0.0008011924106066276
0.04768249842660728,0.0049170938467590925
0.06824193070862336,0.0006666198585246172
0.04078453294442293,0.0008441225173102672
0.061235612533888456,0.0012656200803279538
0.05675560369868319,0.0013262478378522735
0.1485369717031371,0.0014766186770597545
0.035332500242060416,0.00046904225434543835
0.0837381541682804,0.0024390469451671883
0.09261458535050349,0.0015315247471687295
0.08847784645688321,0.00343021474527364
0.12942365414407436,0.002022774326152361
0.044809165617738185,0.0003451424200922953
0.04910838557804028,5.568277651447451e-05
0.0711033567728505,0.00019615777978656304
0.14203886310904873,0.004964386855343081
0.1106049695003873,0.0054296675779301196
0.04255043933965918,0.00018264940587297692
0.14428238163245546,0.00040390593593196125
0.06478028478408211,0.00010270049826832965
0.05027973107087529,0.00024257604714296113
0.1231477033787703,0.0017853575839666708
0.10578305032436096,0.000697223849494096
0.1289247827507746,0.0018987650358245494
0.0918818427349188,0.0033305330871830872
0.07242725251353442,0.006430624869357087
0.03533524869489559,0.00026638532489910345
0.035518779002320186,0.0004342893508598253
0.04292494441221965,0.000725429294685407
0.03851975515588691,0.000600116727156852
0.16521466248549885,0.0009184414296068724
0.08866370546088304,0.0013840055943284693
0.06872190400232019,0.0002770330290007238
0.105302968508314,0.0008011690241744156
0.07733641254357088,0.0008944108943204287
0.05278006875966744,0.00023948651671516633
0.06570314012877614,0.00043743291953822613
0.1193086722979505,0.0013171388946967148
0.21302035425542215,0.00291395591265066
0.1503331356506584,0.0010459794458533161
0.20228627404775715,0.0007197556278865687
0.08535579855731991,0.0008132222717875777
0.0443904767379938,0.0005289110138996127
0.13945062875193648,0.0015190619311082861
0.0442296711861949,0.0009101336033619448
0.06448867762393494,0.0006198970142569237
0.04880622220610982,0.00011955362245793697
0.02037127529531371,9.502689644895787e-05
0.020561897874709526,8.019122300654417e-05
0.02490725299690642,0.0001571753497644091
0.06259365332559938,0.0028523827987778053
0.046550487751742836,0.0012375604399536965
0.035742490075522854,0.0006171497311551953
0.05399498027207591,0.0004008254237700384
0.04469529437354988,0.00027017482338007314
0.049817527068832176,0.0002552471149742452
0.060233816101121426,0.0013930669408213244
0.0856163917263749,0.00535362338804571
0.09334366540989945,0.0013077033334234186
0.07600911458333333,0.0005978946680873902
0.06052569471340046,0.00183869951568682
0.06695353347695585,0.0002640368769459747
0.06727842394461657,0.0002288720470316638
0.059484456695391166,0.00031561173476328145
0.08621845997679814,0.0007418582902083417
0.04105231228214563,0.0001654934664923637
0.09293430974477958,0.0015292757066997713
0.060243256960556844,0.00029021461250890754
0.08744924295604183,0.0007319605673408115
0.043669212335398916,0.0006093899875366651
0.07875965215917893,0.00047566833280580467
0.053609574699845085,0.0020269206963811808
0.12125903187935709,0.0005018777715586841
0.07822333704492641,0.0007956767871692543
0.11342535159275756,0.0020500718964164503
0.03768564505993813,0.0002612195478049376
0.03898496502226956,0.0002594449273963661
0.04707552385440835,0.0005554169960779116
0.03697283779531371,9.719279350217486e-05
0.037270496465917895,0.0002652897805043476
0.034771222647172736,9.290739334489746e-05
0.03291952158255994,0.00020903958417442043
0.04054663293958172,0.0004974554686252183
0.03737791077652982,9.302674246574233e-05
0.0665991418958172,0.0003314078321893961
0.0730563913863109,0.0013473903844939416
0.07914385755027069,0.0006914574509025725
0.1104654065404725,0.005588607363525228
0.09291640443454686,0.002799266317850194
0.1110683125483372,0.0003947001908642525
0.0262036718145785,0.0003034631497726122
0.051584588013168085,0.0012891452351626535
0.04128907762877614,0.0007585685254249086
0.04904526476701469,0.000793421867037661
0.062441375992447715,0.0004479355798028113
0.14541703984314486,0.0033711407155834925
0.03303859955945004,0.00011358926456451468
0.1164110155644849,0.0017564919523128256
0.1078452031370843,0.0016315868669533962
0.10625838348317865,0.0011275604722376135
0.13111807707203718,0.002220188454425404
0.11529299900755229,0.0013106979925617782
0.10629916799593968,0.002257417391435093
0.14216397475309836,0.0010547638388629865
0.12488255570862336,0.001720799499292363
0.10165313225058005,0.0007841676408962779
0.10503182702532869,0.0016784991936418662
0.11184926044083526,0.0007640238881704321
0.03788843472061098,0.00017576509985790735
0.12157447856245167,0.0015857150900653269
0.1486950466453983,0.000978070138009443
0.07166425614833462,0.0009884423845006262
0.11661689445572312,0.001944790720878101
0.030708389814097597,0.00012730288936034314
0.032421044204369684,0.00046040266429682187
0.029223500435708753,0.00015316497945399774
0.025907228828306265,5.409329408687896e-05
0.03221674400618716,0.0001494962815406504
0.03560714544663573,0.00019352386647819575
0.039492625555877806,0.0004634638965100938
0.031736768372385746,0.00018769248479406315
0.041548844740912604,0.0017170518932561039
0.06460191294470224,0.0004462211040262952
0.038414479408352666,0.00039796626709257525
0.051269153615622585,0.0023599908226929617
0.07931794699825986,0.0008467269094850984
0.0594740157337587,0.0013712971337667287
0.05527147075910147,0.002256152505943887
0.07052661869199536,0.002735913926828388
0.0495067339762181,0.001432343876323792
0.05271056562016254,0.0007774416374382543
0.0505257715750774,0.0014057362971670435
0.05050444400135344,0.000178124578860912
0.08279222743996902,0.0031027476857050772
0.1011459692817092,0.0010549032089666168
0.05461752941034082,0.0010378263773321624
0.057024679161832945,0.0021036774055304803
0.06625912265201395,0.0009694760179559222
0.14862093641072813,0.0005559671573878908
0.03597042971771075,0.0008685161046300678
0.05712625871417506,0.004770512540620196
0.043888289709010056,0.001655897862916006
0.05476579141653757,0.0006557958444544438
0.1176266127275368,0.0012019267679410567
0.05499839634972889,0.0003892890839452379
0.05878370009184068,0.0014178476909017508
0.0470319610524787,0.00031272568980864036
0.03555087792440062,0.0003794470285320715
0.04032417645494973,0.0006441196258361818
0.06862601967951201,0.0006517008434509019
0.10124868583236658,0.0014823640901977624
0.06898247172273782,0.00028248866427793383
0.10019093194122196,0.006473450873849921
0.08004791424980665,0.006207832521236264
0.06639529860305492,0.0009697931732166361
0.0960501709928461,0.0025085827259844645
0.1715047232039117,0.000986073129401672
0.07825037461330239,0.00031401197452776204
0.07486462666892414,0.0019002747629801027
0.06615134679524362,0.0017267200291866207
0.07905058185904873,0.0008548364294234283
0.06918767549380325,0.0009112950857786746
0.08306265431351666,0.0020781861109063307
0.057427992676914154,0.0006938435872820233
0.05413610499709752,0.0005715246566099809
0.05029826382164988,0.0002355135748830912
0.059334486261609906,0.001870250300613165
0.06132146833849729,0.00019599726919643413
0.13889048581525948,0.00011255226252692166
0.07822484992254067,0.000954683765885385
0.059386782192575406,0.00039374935786411946
0.04362847725734725,0.00015965131132599677
0.07540263377320186,0.0006036820927816556
0.07164479408352668,0.0002656469243561779
0.04455727149496514,0.00020030524978314652
0.11503083007057231,0.004753252250772372
0.08576643162703017,0.0005466070072544676
0.05061067304899303,0.00013149503899587508
0.06685292711560806,0.00026392228051557993
0.06272431482018562,0.000636744502586346
0.057988402093000775,0.0002226876874572632
0.04858946007347254,0.0003298140433979068
0.11821730894721577,0.0014805638180033385
0.07924226011812549,0.00024014361576466032
0.04051337127803557,0.00016248566206756608
0.07283068478892331,0.0004279894351928043
0.07072324627226956,0.0003121112406327592
0.1150959466982959,0.0006143857006274569
0.12933259921210363,0.003254491639111927
0.052843888969450886,0.0015450244819229667
0.020698435079395817,3.86207147864439e-05
0.12818685651102088,0.00226674340430773
0.13255155464520496,0.0014368305292011773
0.08569430492350891,0.0015088791158675394
0.06600860100058005,0.003840755411834783
0.05806802502904725,0.0009934359993352324
0.04013649216937355,0.0004292818748981527
0.01732055758617351,1.3624351920081545e-05
0.03447772439000774,0.0001779745792094208
0.11144481402262181,0.002393932585087921
0.10871225166763342,0.001573749396831212
0.08583591635247487,0.0009738602450809595
0.06292068469644238,0.0006145384028900597
0.06967958478344934,0.0004371957918018829
0.09208274422370456,0.001245181836486545
0.0756163748308198,0.000736515279665592
0.06546896147525136,0.0019744291908424696
0.12525794563323006,0.0025235252391540433
0.13066080981312936,0.0037384180026699054
0.11823090378480279,0.0013800155573085997
0.03163480943058778,0.00019599665558837738
0.06693084031274206,0.0005836806052323541
0.07899603928640589,0.0061140445855640685
0.06765210471533695,0.00043577880559359276
0.15222366226798145,0.0027999984491882445
0.07256282325502707,0.0002722566813687447
0.05343559377420604,8.242107710555573e-05
0.08317623743232792,0.0004138043307224378
0.05691554282675947,0.00047441132068923525
0.0830795630317092,0.00029720638309684933
0.06486021485885538,0.00029250055156131193
0.07453180889887857,0.00044810476751282435
0.05237620122482572,0.00034640766828632566
0.054001788221340045,0.00030417278618313066
0.06306884198295895,0.00013163399224957708
0.06216187185321456,0.0003733721594065336
0.06439987855278423,0.0001747078287315535
0.04359449016337974,5.1218419364309083e-05
0.06246066518202943,0.00019817286217304106
0.05069085556254841,0.0004585701129223951
0.051271419421887086,0.00016035096563579677
0.0659425530112316,0.001147483639407425
0.0504960725697134,8.895019175442513e-05
0.1015870842612316,0.000866515008050124
0.13214834672734316,0.0010578707174134538
0.08594694085943543,0.0009513134592422101
0.06494216268880712,0.0007830319890122053
0.07306215506390396,0.0022095238665182097
0.08329147705267234,0.0008594493532156954
0.059457224898334625,0.0001701177968212369
0.06399505450019335,0.0011374212934487174
0.04827224719644238,0.0005174764107374909
0.06540283392234701,0.0007839097790668181
0.11271770308869093,0.0014362841822081998
0.04138968399012394,0.00036775952323459183
0.05258520942092034,0.00032637536590505875
0.03867331223373354,0.00023472961556068823
0.07420324300445391,0.001716451197591814
0.08083115983249418,0.0005118258601956431
0.055526768856506585,0.0006179859308768722
0.06246034839037123,0.00029086669716054406
0.08784296935515104,0.0005708866766782915
0.1453537376740139,0.006627095964012199
0.06486424949167312,0.001237849643399164
0.06586358939965198,0.005225913239350919
0.13040324239930287,0.003340742812160948
0.09379116214713844,0.002173687412547322
0.12436897295533643,0.0021066469261466552
0.07914732704783115,0.000632915389561622
0.07391844379357088,0.0012123881465744275
0.06767925548627224,0.0008308395919998634
0.06914296633313999,0.005198147355960803
0.10254813976568551,0.0015151010482712436
0.08295977863574748,0.0034091926021014582
0.10971615390201395,0.0021377462620076654
0.11027440574167312,0.0009149599711574805
0.11375140479988399,0.0025625207156975416
0.05503379072409126,0.0005311380794373769
0.07713295449052592,0.0013830261090188383
0.04633309466840681,0.0005650067468178314
0.08011928714713844,0.0012803110540312514
0.05993831997966693,0.0011350928804512892
0.0625185327507746,0.0022070112642442958
0.054546264742846094,0.0007690143918165588
0.06865392981438515,0.0007044244654046427
0.08348740815931942,0.0013389278713666528
0.09613656443648334,0.0014830272229441849
0.08806725346146398,0.0016272284225035045
0.07415190871519721,0.00107534427198468
0.0534545047443842,0.0003448149350584774
0.015608384087393658,0.00021025393285900395
0.05487820536059551,0.0006933436804724693
0.16530948937354764,0.0013122460730440623
0.16004316239833463,0.0016496238277423753
0.125456559962297,0.001600798864084982
0.1566369184498451,0.0010784409870957432
0.02491104279628195,0.0003017600962656074
0.05097754587044927,0.0003606906248863401
0.04306179197327653,0.00015743292637697352
0.0904602476278079,0.0008491716272158638
0.029053679923508907,0.00015773277245018327
0.15049485208816704,0.000532276223973879
0.10390556920507359,0.0012458380274197036
0.08608878776142526,0.0014814244722167326
0.05021354267525174,0.0018477044375959932
0.04764348595804331,0.00031053793060482367
0.09964492762393494,0.0009520637731776065
0.09773404268174787,0.0005691608678623553
0.04183863042215337,0.0018002660618250278
0.11148962468532146,0.007039596048123736
0.06925310745061967,0.0019891067865611214
0.09309908440646786,0.0010727585382726951
0.04576551019914926,0.0011125665941335257
0.08429527134972889,0.0032730000264093676
0.10625158606438515,0.0023883042675449987
0.059721366250966745,0.0004081756050362126
0.0914630462103635,0.006507415068154494
0.12013988066421379,0.0007040416079771567
0.0791733130317092,0.0013615935843455727
0.0988544838795437,0.0008421269687473406
0.05386501232598608,0.0016486106795742085
0.06118530935321456,0.00132192869450832
0.09795996018106119,0.0017203194212754686
0.10980550319025523,0.0026174124313510204
0.10303942805007733,0.0033884083879968155
0.08755150932907967,0.005593562131878237
0.02397638425657386,0.00034703790042824457
0.1560276069907049,0.006763760788509179
0.2532529425270688,0.005676808195986514
0.09533095710689388,0.0017236001163471659
0.05812362328137103,0.00046091172333874463
0.041826028373936584,0.00039293710163709495
0.046451394268009295,0.0006400647503412185
0.04498465942099148,0.0005419331230932506
0.08293822012974439,0.000930549704200797
0.061304787195475635,0.0008657400359535986
0.10373461403466305,0.0009188780065389143
0.07161962625871418,0.0008507122662414536
0.04897260481216111,0.0008192950617780753
0.053339526045701004,0.0023795720020351524
0.03667631378292022,0.0008058103803639809
0.12514107583752904,0.002385866213842736
0.07993024121320681,0.0011883983455815705
0.07732856909802784,0.000951346744455191
0.135370776045701,0.0003703290673863596
0.08886037955073586,0.005198238941061092
0.054965061267401395,0.00012198128677675841
0.06981440025618717,0.0023398575405113547
0.08411088251643464,0.0005952307364269686
0.07895126401778808,0.0008681392985183061
0.09554263038959783,0.0018480082777962803
0.03980759222501937,0.000615773670201081
0.08349533731119288,0.0004279412190738021
0.02471852911986832,0.00010776871477917132
0.034724236272235115,0.00039096255310783163
0.029280636721771076,0.00010537023794941744
0.03872980411349575,0.0009811801720116054
0.017058073320100696,0.00046009366120217354
0.058671663197134,0.0008079551578135175
0.07231971037470952,0.001639041701246069
0.12605511045050272,0.0029025403344769217
0.09686095200116009,0.001446609211215984
0.10003799001836813,0.0009227176448238797
0.06372391798993028,0.004423444109316787
0.07702457342420727,0.0013680079687776203
0.08342472085266821,0.000709938131472145
0.025079831907385924,0.00028398642812863613
0.041764121199651436,0.0005195111938248268
0.07049225396365043,0.0012304465284310737
0.07168255752126837,0.0005883525668659588
0.04450621187548412,0.000574113313472367
0.08748101338594114,0.0008532397952020312
0.06203664261890951,0.002775497729907454
0.1339615305480248,0.002998951686279902
0.13209272887664347,0.0014923215155917236
0.050080787664601084,0.0004746607750187753
0.2653678108055771,0.01102572311605995
0.0466011691518203,0.0019048159620656973
0.07079737727536793,0.0015117516242946127
0.10789502747385747,0.0035121200364750835
0.09330067534856701,0.0029200748142097777
0.086269062983372,0.0012643585813590986
0.08507233964133798,0.0013874729004707043
0.11106148032048799,0.004233229909682982
0.10498803313807126,0.00500936967843871
0.07501906225793958,0.0005089950030407705
0.05151914757347254,0.002544219622459629
0.051920950551044086,0.0008148932523154459
0.032875965215917895,0.00032595705928760064
0.06547802470030936,0.0008170498364657577
0.08638115136037955,0.0006887639823876555
0.10189306375871418,0.003674848851030868
0.06716949675639039,0.0002842310701124613
0.1188917639452823,0.0011344352674146814
0.12736008907823393,0.001352428225455762
0.1177956768009295,0.0018581596410505367
0.07770242713167054,0.0013207896190354875
0.171902189675174,0.0014911907530013955
0.016548233564097597,5.996772120081545e-06
0.04325612976121423,0.00018872630395091127
0.021788370673820574,8.124704437895929e-05
0.11344740912606342,0.0022380092526972655
0.07479471023606811,0.002818990480891926
0.17627293522463205,0.002108210272101621
0.09029917705916474,0.0032579268483849517
0.08209355967227379,0.005825848506445775
0.10765523637199845,0.0011128504124538299
0.1747374685808198,0.0040625296899810155
0.08378271824245939,0.003409748464931917
0.06407377093822618,0.002609835356567209
0.09814377481119288,0.002070016956421985
0.08875901675058094,0.001733211219147004
0.054963928364269145,0.0002505171872969668
0.05173738865220759,0.00021974616440127834
0.09293947581816421,0.00031222412876104246
0.1162971715240124,0.0002193934290543702
0.08389638619006187,0.0003439148383549394
0.08856772343870843,0.0009280137379961911
0.14810065013534415,0.002233627065110861
0.06430056071152358,0.00017735645915372723
0.1256567061823279,0.007898076994756425
0.04044652999323279,0.0006606924711953909
0.06710860343241673,0.0005175093833235698
0.07358258496320681,0.0005282965266724537
0.08052033485595514,0.0002137536863874614
0.07069298871998451,0.000252526104432881
0.042286442195972114,0.0006064602519902033
0.06056991069702243,0.0004389896603391125
0.07020432925058094,0.0003243428328096884
0.05713721420630317,0.0005954806647327863
0.10822029616092177,0.0006467269546276825
0.08283572267137877,0.0005521347021916405
0.07379476604860573,0.0014201738988129722
0.12448679488109049,0.0033796006235686346
0.1711896664407436,0.0006170499506908282
0.0678688279437355,0.0002051469201292576
0.08928322884391944,0.0004212516009872996
0.06932194338206817,0.00034175667803047787
0.1020285008217324,0.000809219266645739
0.06711125096824168,0.003157903514389243
0.10084312669442293,0.002699980493489442
0.06129156999226605,0.0006766312697834158
0.0528284059599768,0.00034296338329991866
0.07162440182714618,0.0007978496388975094
0.12774700752807902,0.0008304132583979124
0.044026503891144625,0.00017323336298977437
0.14223485535092809,0.0019158815393935885
0.0844408858201007,0.0014863100159859682
0.11864893977536793,0.005303986203154871
0.06538165363574748,0.0019170889840735552
0.0894261957784663,0.0016364589415707477
0.0541319998308198,0.0002805686044483388
0.06771362021461717,0.00018864211148861786
0.1102551165520914,0.0021125623243651334
0.08231756208849729,0.0015839535205816628
0.0343005305007734,0.000455364145486005
0.3189955400367932,0.01717112520134344
0.11259667287955073,0.004257117262330515
0.07335376222405113,0.00030980446115465657
0.057674587925367365,0.00029903150240528334
0.07451111359895429,0.0017894195564797904
0.038366519842420725,0.0002162830916193232
0.06895355768299767,0.0013692697145110157
0.10910457312645236,0.0012555290447697036
0.0951974456574361,0.0002504429940860638
0.09201964622869868,0.0004860105073709464
0.07094930642898607,0.001364858057740735
0.06274168219887684,0.000734119562521622
0.06611993791150271,0.001204025481314546
0.07001077013244393,0.000530338299104392
0.10267900367931836,0.00047883314428395204
0.04994063587587007,0.00012205441202410015
0.10114948441130907,0.004947273852256212
0.14705510807997677,0.0011053072747338718
0.04395514620449264,0.00039258056355019545
0.03290479384184068,0.0002031664328439774
0.09263047056545314,0.000702122460587171
0.04686404860305491,0.0005359218826011148
0.05572637217227378,0.0006279259333414241
0.07824357719450889,0.00020117323550277643
0.042427518033501165,0.0003476735361725974
0.049564518178737416,0.0007313582556643077
0.08940267304717711,0.000524760752192584
0.08874691372966692,0.0038563608052143723
0.08692954550947408,0.0013145986860741892
0.07534636625096675,0.0006256966942640409
0.12844666896268367,0.0022664803147351563
0.09338520519141531,0.0029558494309767087
0.05796121241782676,0.0013253434615415676
0.07082117350638051,0.0010672404326823883
0.054371797660479504,0.00041593503641968653
0.042156334721146396,0.0003174900917554685
0.0901966287035244,0.0012908747776120444
0.06840771220030936,0.0011853278058851146
0.046526821104021655,0.0006311370434194219
0.039262956283888456,0.00011147876874154266
0.1478497470468629,0.0003286437452999904
0.10037905148625097,0.0004581978918879613
0.07935837347501937,0.0004009310134915444
0.1306445010392498,0.001731691966162858
0.078622344475058,0.0009204029492093464
0.03370462345320959,0.0009855822182938698
0.06766307307804027,0.0011025194758901857
0.033747382721727344,0.00046170894224407575
0.028982683197989172,0.0004054975689015549
0.1274796064097599,0.0021097922488339926
0.1364902812016628,0.0012956495200251036
0.1280885396494965,0.0008945611651113825
0.04534142679331013,0.0007115067539630396
0.055512253480278426,0.0016732483279384756
0.052331949554608834,0.0005569515416605283
0.047860625725058004,0.00024161031877254418
0.05695557207076566,0.00191530588706239
0.06416801104505027,0.002194112183488678
0.04194838191221965,0.00044937782722653894
0.051219228069326106,0.001633263169512914
0.042857931714756006,0.00042797750912120473
0.05597571528853602,0.001896747421740636
0.06979627380607115,0.0018658593312932202
0.1223727976363109,0.0026477529736817404
0.09368013764017788,0.0005662008911254347
0.08636384921210363,0.0006017008585171223
0.08552561906951975,0.0008009683048869944
0.09688058898878577,0.0006579820094871068
0.0739744205578113,0.0008122821879048821
0.03548416622288923,0.0018733082856821656
0.1392176455993416,0.0012456279506054537
0.13685377432707205,0.00033523134791021877
0.155866485524787,0.008591936239658397
0.11252711414829852,0.002199277467160122
0.1453084215487239,0.009360436661114581
0.04671941463650425,0.0003806478408915871
0.05390844027938902,0.00032568262864025556
0.06851595783307514,0.0042970590934561645
0.058212504841208365,0.003042895689312404
0.051987769897366386,0.001937882399896633
0.07410225842370255,0.0010842450581028216
0.07993931847889234,0.0010277758949949482
0.039718073279195666,0.0021086416262880415
0.05087542663148722,0.00428036309589413
0.05509711161405887,0.004839404895819739
0.09923023008507348,0.008272124628504225
0.10248959239655839,0.0011317126486832263
0.03707420059546863,0.0005942385110888742
0.04444531855151046,0.0002844010935220862
0.04380256670533643,0.0006695264811489137
0.06496674695003873,0.00045165777813095594
0.058191324554608834,0.0008513174134534169
0.04163287906661503,0.00022463368769526875
0.04463896688613478,0.0004119357080128538
0.037644555456041826,0.00028221448198255454
0.038741769945778465,0.00016709153119062717
0.04968063153563129,0.00048735983258163
0.07873885009198296,0.002922851963845426
0.07326752820003873,0.0011603611597528212
0.08372416005034856,0.00034490716649261254
0.07335981373450813,0.0006076353415433992
0.0769237751742835,0.00034763990227605797
0.13985349296693736,0.00045688909521737504
0.05182097514039504,0.0001960216978307998
0.04808871688901779,0.00017368654922754765
0.06100872184358082,0.0003200665630972479
0.047190702339520496,0.00014784228722159316
0.08807981982308585,0.0008884971447961166
0.043263682448762567,0.0009559790771111523
0.17135159875290024,0.0008568550411721619
0.17449341293086754,0.0007577268114150224
0.1814685351713788,0.0011670500136666659
0.18265834964713845,0.0012766648908578916
0.1833497984847018,0.0010917991468661432
0.08570300396979086,0.0022642729258963313
0.10626971251450117,0.00201203813365179
0.10500883520526723,0.00031917075662303974
0.102704843991686,0.00016836038607597847
0.03491910643396592,0.0006657759382215846
0.038720740888437744,0.0003951585246703955
0.07125280959976799,0.0020996756956342738
0.06888283065453137,0.0016004362003905223
0.08526691699748257,0.0024776403417109383
0.07000888196055685,0.0028288583956416037
0.0613880349535244,0.0012008282724633437
0.14793184756863884,0.006153383712941099
0.07882584055480248,0.0027588219626649042
0.08931204079659706,0.005181102127938226
0.11745675331109823,0.0014318254191016296
0.05691289938611756,0.00525415191839637
0.06539041352474864,0.0032043924713277606
0.08424380981728538,0.006747051067425778
0.04753499285921766,0.0014661531765860687
0.0935385753534082,0.006513759381506813
0.054612990777498066,0.0019381448778982642
0.1660647935224632,0.0011650263680260426
0.16130074191518204,0.0012116057848334998
0.08727545859918794,0.0009660187355372933
0.09394939095127611,0.0007846369064400355
0.07980509534512761,0.0008423571287705951
0.07933832784663052,0.0005430662669775161
0.08154372518880712,0.0006643542011427984
0.07975977921983758,0.0013867762115458966
0.13960758980441518,0.0013426458189495396
0.09775912567776918,0.0018775983326729548
0.09397352766750582,0.001016349491320339
0.09888584128098374,0.004454717318875179
0.13812950837529048,0.003973897192358291
0.1496046850793958,0.001539652009770914
0.10940714864930287,0.0023130482991222125
0.09708400404240898,0.0018043292436632798
0.03896318215873937,0.0009311352795859535
0.02527942849535244,0.00037600162087443324
0.10158027631196746,0.0005141300510424436
0.1137359217904099,0.000606257857217328
0.11184628558288148,0.0008005006595442729
0.1403429071200696,0.0008321714582898834
0.13297853831816422,0.0003749383723241264
0.10216727282629745,0.0003784651204059582
0.02939052832559938,5.1143723150290675e-05
0.12315487843194123,0.0023006354276958432
0.19445187125386698,0.002030493231821932
0.06818415264887857,0.001758098877242612
0.12518088686678266,0.0014743837295037284
0.14603159138147717,0.0020834459536184322
0.12196230906805877,0.0012384605590937245
0.08670334251740139,0.0010744161215985378
0.11541100346146398,0.0008142221758318355
0.11070822339756003,0.00033933855851029623
0.11056563468241673,0.0011172911170425483
0.0672461088553751,0.0007716011929491303
0.057571871374709975,0.0003172252060382472
0.08132171039891557,0.0008482090757937937
0.08667881003098374,0.0007795287179966898
0.15369437149012394,0.0009496112933534057
0.10935003751936484,0.0012814912984154038
0.08056527247000773,0.0014415335347102627
0.04633263337529047,0.00030523029070706094
0.1275086251691802,0.0003636337849207519
0.03188782446345707,0.0003165617378677294
0.034006463013168085,0.00016511447261654869
0.04595781794635941,0.00047110659997631266
0.057651983685127806,0.0007274727861687313
0.03993898938998453,0.00015580602299249412
0.030869889499419056,0.00030009025226597523
0.0813069598421766,0.0021900725109727194
0.08444504623353989,0.0023728275506265765
0.15501435720855924,0.006802077544823391
0.14051645103117738,0.0026886563255879795
0.08105657859701781,0.00025864094022725123
0.07096076805770721,0.0013223795818393378
0.07698529944895592,0.0007415329803157889
0.05949769437451588,0.00035757162428588665
0.056689339834686776,0.0008779177127158088
0.06926607514017788,0.0006893270309912007
0.10807744827919567,0.0012643643749404533
0.06878411539020139,0.00055901532167203
0.10315573943832174,0.0004967523184498074
0.09068642283113865,0.0023793821333105104
0.10094544542730086,0.0018646189837946553
0.10062709964713844,0.001312552695353931
0.06298865946940356,0.00016997914998045764
0.0969081562983372,0.0015285112682683485
0.049420794805383424,0.0007461088733425345
0.06929704115912606,0.00023344494167083573
0.07709851253872967,0.00023579883787553868
0.0423624642960883,0.00027445184417809884
0.05709827047831138,0.00019009918835865004
0.053980568445475635,0.00018616079015836866
0.05912432630027069,0.0002227250492546138
0.05575445693745159,0.0004126892183020744
0.06736506368426141,0.00019134654459801966
0.06866762381390396,0.00011404136753372894
0.1268536532968629,0.0008691429117044249
0.1590987485476375,0.0005466711838283195
0.12414030729570101,0.0004665670684939751
0.16588232006477185,0.0012333798072909547
0.10742981760747483,0.0005894554314004529
0.12388009234604958,0.0075610364963874
0.09314125338360402,0.003907489536631052
0.09418268299767622,0.001007032110340654
0.0667746356990705,0.0008320182653086593
0.050409838545701004,0.0006397727182266875
0.14059290107791958,0.0007674543620114065
0.23369307041537568,0.008315348411881375
0.06991560626933488,0.0011618000369214342
0.05681698025425368,0.001778729522682425
0.0535150198489543,0.00038549498529549467
0.11546133326082754,0.007187920702560056
0.059816533331719594,0.00037726475536288654
0.07303114107281178,0.0014969593087099122
0.05612132975890782,0.001262029650714468
0.10395511594694036,0.0010097128600675786
0.12010621913729667,0.002049649684871841
0.11717466043116782,0.0024137004817546557
0.15303444327629542,0.001983417953277906
0.0969081562983372,0.0033585742967440573
0.1567160008217324,0.0019128468838407922
0.1560548387877614,0.0024543598508716766
0.08174311497003094,0.0015788474295526402
0.07666847707687839,0.0022438593053147045
0.03209816681167827,0.00019298934706297527
0.050942749685321455,0.0008007502702058489
0.03525103622873163,0.00037221625994984954
0.1368622510634184,0.004749110075406372
0.10375353465777262,0.0007559438204347038
0.11321138764017788,0.003787383408216222
0.09108695717951201,0.0014837048586990062
0.06384003134682417,0.0005918290884314606
0.056548717684934156,0.00031934151273434056
0.05497645962432223,0.0007548797366910331
0.07806986538089714,0.002144740797676382
0.11451613635263362,0.0004545062684769261
0.09548186664891557,0.0014367568806461976
0.07892455581913245,0.002438675303771019
0.027470635150812064,0.0003819430025206442
0.10428946189969017,0.0010176834189240317
0.05165153284759876,0.0003861110100231641
0.049618981772850505,0.00016315259650238567
0.04429781298412084,0.00025036225471007943
0.04194762664346481,0.00032618044539102107
0.07231630640007745,0.000582958004883149
0.15220780162412992,0.0016840947601803383
0.13307873223607888,0.0042021882327966074
0.06643155150328693,0.0007985763978015747
0.05356456659082107,0.0006630313553300939
0.06473974949245939,0.0012367130269430697
0.10090768198955917,0.0013991583415779963
0.09248107390104571,0.0019937245182834133
0.053499134634004644,0.0005929388965827282
0.06843804463594114,0.001379314914586986
0.054403518948182523,0.001380472825264621
0.09451816360863671,0.0010117136042747527
0.15278021519171184,0.0032743758441786223
0.1657088890637103,0.001717846590025643
0.13803065182714616,0.001941029662940546
0.12865965094887685,0.0016488295239082578
0.1624292313176721,0.0023629888782588644
0.1476425796355375,0.001989467526904205
0.10209314182319908,0.0026066645430006343
0.05963602088167053,0.0007895425014478839
0.053769183288148725,0.0016826758967813246
0.07915934055974477,0.0010759516816297148
0.07264808678405572,0.000497234738442449
0.06244326708946553,0.0006606105261583801
0.07349294696456235,0.0006270095625708198
0.05736604981603408,0.00021619790933659057
0.11514435878195198,0.00043422766269868036
0.08112152878480279,0.0005022892672245987
0.08387166561773819,0.0005076940281299116
0.034563201975213016,0.00023736694563233522
0.026364166424980667,0.00021567347440673638
0.10468886158985283,0.0029073623148184002
0.1086230998257165,0.0005529986335702718
0.10225918014136329,0.0010051538614942045
0.09903864192002323,0.0007312623200956157
0.10218559672273782,0.0007724312842684248
0.12758566258217324,0.0024044303759581
0.12048519497966692,0.0008447732914377307
0.06901230483855375,0.0007885114555965755
0.1451513256477185,0.0009505519733610842
0.1224723597259876,0.0023292578686012937
0.10029402612625676,0.0020000930680543773
0.1979971013264911,0.0021572779252044903
0.16230756196746707,0.0017203304612958806
0.15650378521979086,0.0016967118656830457
0.15968420702822891,0.0016286750348689781
0.13950736166247096,0.004200257455647668
0.13927626960689388,0.003939661842155685
0.08995419006584043,0.0010783072048104493
0.1389543455143078,0.002220606911263398
0.167675251742835,0.001986858469581493
0.12233430964368706,0.0013351194097730027
0.05823179403079008,0.004521202540502085
0.06977210520591648,0.00043622215154860927
0.061485615559643686,0.00036772053784064874
0.099010275464756,0.003929547521504108
0.0926994211620263,0.0030534483697279434
0.08821286793183579,0.002116043325655634
0.1285433433633024,0.0016492456319044339
0.09549240501740139,0.0026005627647215893
0.34612305442768754,0.00020192369466954404
0.11920671101604795,0.0025097147982841204
0.09390053132261812,0.0009095765381459224
0.12727045107958945,0.0008287916891677489
0.10592002308101314,0.0006841954152918657
0.13860341728795508,0.0007955249797360897
0.13202362178557617,0.0006015855704408272
0.09698670424883991,0.0038675841137768736
0.08379366963940449,0.0010700966651529756
0.070298905162413,0.0009041299026471215
0.0772537974912993,0.0007946254847763036
0.04685951699052591,0.0003483163969187911
0.06538399374033256,0.0008228718868856003
0.07422291041343919,0.0008245542945599954
0.1177794133665763,0.0033990895160181805
0.042317330698955914,0.0006501377165259031
0.026708341402013943,3.799660602185179e-05
0.030397871683772268,9.466365494392857e-05
0.027501601169760248,6.281912267737494e-05
0.038593886158985284,0.00011234518089183861
0.03812558910962877,0.0001059084597463426
0.11047807001643464,0.0004277303445132914
0.11777487473373353,0.00041103747698336817
0.07696452955819799,0.0004601990401482337
0.05007814012877614,0.0008004230824297589
0.12219644238205724,0.0008184594000067192
0.0924481688129357,0.0009457396705176176
0.09680392921017014,0.0007197304256793281
0.09552952229376452,0.0005152090325087474
0.10526526796088304,0.0006055259037176149
0.10990980223663827,0.0005891013350766324
0.044131018227149495,0.0005737910171451469
0.10909894927010827,0.003025986428744811
0.03664038293958172,0.0001176899455080702
0.038435249299110595,0.00016716687580231167
0.047480725541376646,0.0006513197657020872
0.08838344488284276,0.003551073149773902
0.04155156189484895,0.00022702097108919208
0.051005912325716496,0.001427564520430476
0.06760860948392719,0.0006889759391639178
0.10474105586754454,0.0023490103945761277
0.029175844790859797,0.00045217324220000966
0.03875057400425368,0.0005272525149750964
0.08998558227633617,0.0016803730508898461
0.06656145772911833,0.001894090191727648
0.0633175784271075,0.003940898308650796
0.06482983152594887,0.001313290346881148
0.11997632987722351,0.0016246552622785756
0.11282209164407436,0.00081182844918354
0.07549334939000775,0.0003152866904471514
0.06837145930007733,0.008681483391919492
0.13392840958526683,0.005544284047168719
0.11534897547927962,0.005476325152062553
0.11398852028466305,0.0007033597997423495
0.13776225733443068,0.004343692270711316
0.05813270054705655,0.0005598651789415046
0.12513578076587917,0.00570828690621872
0.12520090148878577,0.0026441065010496217
0.07754518965433772,0.0032207178454018164
0.07494984810708753,0.002272690245665889
0.055831235476374905,0.004706947619253312
0.10058707040313225,0.0013080441653109745
0.16478943769364834,0.005469661011452411
0.06706975360112143,0.0004599180116649672
0.053598024821152356,0.0011914592990918175
0.04513108444508894,0.00017156081569116938
0.06630904761328428,0.0024087870128176154
0.03952770986638265,0.0001426349062476737
0.09966497325232378,0.0017706027909663274
0.06684959275908739,0.0009226847041511577
0.07797182114155693,0.00024336903291514138
0.07453105363012374,0.004535037431729987
0.09162024653853602,0.004927931059009507
0.06613014983539892,0.00043421567626001576
0.12714005401682135,0.001148604369189311
0.04430991600503486,0.0010738417445752544
0.07382918401432997,0.0024245718361936524
0.0640438916053447,0.0009988905873783206
0.07871675306941223,0.0011087492717449356
0.08693407712200309,0.004664684176819852
0.0414218326394268,0.0008681462265694046
0.044584647500966745,0.0007870509391718301
0.05189527141337974,0.0010628360105554586
0.04356503468194122,0.0008241952782838576
0.05009697650812065,0.0006097741723510892
0.049710132649109215,0.0003975609654361465
0.05400821795120062,0.0018288665293047634
0.13775195765661252,0.002779846051011799
0.06011948707397367,0.0010672740141734283
0.03743691300348567,0.00022427248808475796
0.09248145212044927,0.0013002995378676998
0.08082132612800155,0.0014552992726991126
0.07169148794539117,0.0017323928108296332
0.07619229884779241,0.0013313865479318279
0.04426188214078234,0.0005443202062172898
0.048890812306651196,0.0009705894394101108
0.030270416424980667,0.00017607755109729214
0.03470651726973684,0.0007288736358457346
0.04199143164667183,0.00034215797154601237
0.06321861686676994,0.0038979176710499668
0.07274597592807425,0.0010512265434273831
0.03907043032192575,0.00021153843484598167
0.04831001063418407,0.0007512774421813825
0.03097319400135344,0.00036524351922168123
0.03013463097889233,0.00046570123226264597
0.03732387132637278,0.0006320176866095836
0.03128927397525135,0.0006039663764288076
0.13961215654024767,0.004838070793209627
0.12119919153928019,0.0019921268751650753
0.13390470805921054,0.0031948192064820777
0.054421267763921116,0.004179824459441809
0.037511044006584046,0.0007249735344574925
0.06591910165313225,0.0040045896415532405
0.06675837226471727,0.00020827065369278226
0.14683104335846867,0.001554587276665868
0.04210640975987606,0.000378569063336817
0.11934190412316319,0.0012798079365514217
0.042857931714756006,0.0006675270528845936
0.15554269081109823,0.0019405254778993022
0.13902021507068163,0.0025540096196847513
0.11622490997196443,0.002589905426327418
0.0728366081786543,0.00045895445691508007
0.085126718991686,0.000887072731798174
0.026992762393493415,0.00015702512310612757
0.03403823344306739,4.4268227100406355e-05
0.031978450571262584,0.00010858085607966821
0.07326147668958172,0.0022313029677959724
0.05251765528175833,0.0004918216418968374
0.049211639475213016,0.0012265539956457998
0.0857449064675174,0.0036119228799505725
0.08850956774458624,0.003184509463988738
0.05852151009391944,0.0012544733792955094
0.05927114095178156,0.0011751609937550717
0.07494116456399845,0.0013830388333355313
0.08152216668280403,0.0007965818948943612
0.055048321310999224,0.0009858412543549341
0.05646993426140758,0.0007255348403724972
0.06450637144721577,0.00018947908591227121
0.05150251440259489,0.00041690158546850854
0.11712168982378002,0.0016829161471146165
0.13206135626452362,0.0008088951147872605
0.13680309292699458,0.0010781229937100337
0.14558333937548337,0.001053551798573374
0.09525336245649652,0.0007550260866870805
0.11955224647138438,0.00277592671704071
0.050837139887857694,0.0007746662285103748
0.05999164891556932,0.0015296701001281236
0.049670041392331526,0.0005273955319185671
0.07681762978538283,0.0028572216231384498
0.055557026408791635,0.0002729530695690863
0.14182134570765662,0.005503532418607762
0.13056058167118512,0.000924441091650026
0.11523361856119288,0.00031106772982393224
0.11083795265298219,0.0004999319922795075
0.089732931714756,0.0003417360980110854
0.06841610791053447,0.0002741253295949194
0.06976748583946553,0.002439742042453207
0.07284302796307038,0.00221195997697307
0.03875057400425368,0.0005272525149750964
0.04809589223470178,0.0007326639409228411
0.04112795616285825,0.00031856206549242696
0.12994068006874515,0.0014818061640139866
0.09049769134876065,0.002709340975123089
0.07722445960011619,0.0021374105032527344
0.10769830336426914,0.0013321940687375212
0.09019948158352668,0.0019222953787789185
0.1430951509246708,0.004262286600255648
0.13373838109992253,0.0015926128559204911
0.12434568043183579,0.0008101913412991669
0.12485687657095901,0.00260297842917095
0.13280644848954298,0.004361796028516924
0.09879595055104408,0.0013669202178174127
0.06644892268464811,0.0012280166793619356
0.11868600527691713,0.004555001702897067
0.04760761098470178,0.0022788865449549244
0.05322568200522851,0.0023457950349792278
0.1735573199070488,0.0017217764090009587
0.06478747095274981,0.0005618853109900608
0.056837372510634185,0.0004760289816978403
0.08221241709430674,0.004341398307933598
0.08955365571746708,0.00204812553578241
0.06488580799767622,0.002412068439732689
0.06695239881874517,0.0005500349617197455
0.11688879120746326,0.0027993547946495454
0.06967920714907193,0.0020308649379963037
0.13573613598954298,0.003223478249614153
0.10032761364736638,0.001432071197638323
0.0880332137151433,0.0012018846611979196
0.06107184353214563,0.000431587068514022
0.07241139186968291,0.0012972033617959394
0.06750989421959722,0.0017452710089455377
0.05787437669442293,0.0006053013413826463
0.05972160026142525,0.0013894281426232958
0.09436195899496515,0.0005309502665723059
0.03873723131293571,0.0005945795752791353
0.10921350031467854,0.0013485327456130775
0.046803894752130135,0.0009750848261120787
0.07061196406129157,0.0019348769713810339
0.07236380993812838,0.0012956590716051751
0.0474094240172347,0.00040699297488940765
0.09292472526142526,0.0004904334929386172
0.07863521797540667,0.0007561077532831057
0.05696324615123935,0.000652724952113355
0.047246214593000775,0.0007620642700993369
0.119619843024942,0.001405092247221026
0.07783414927865995,0.00028793926957570575
0.14885100964327147,0.001724063507423487
0.19923236589852827,0.005545327867698343
0.11767540361562258,0.002071014228613287
0.11881888051044083,0.0049903701812701266
0.03353506561774942,6.242610520487732e-05
0.05326236928737413,0.006786439967304756
0.08825711960205267,0.0016480573819395168
0.1347682684406419,0.0033150886368407883
0.13338008446925753,0.004637230280338375
0.07601642682513556,0.0018456933583183989
0.19108589816518204,0.0023476435360231893
0.11939365378098374,0.0012337683749015767
0.13682389499419054,0.005190202219615221
0.08352403869392885,0.000389606523935656
0.08075551595178157,0.0012963271254934285
0.14883463037374128,0.000489333544073745
0.09746411454298994,0.000639983077707574
0.08174266859508134,0.0007160125557662941
0.06738546003582495,0.0029528824258173696
0.07800170047443843,0.0029322112427153683
0.09579276299864446,0.002034488247286114
0.0731772343870843,0.0012401238431650739
0.059640661309062745,0.0033380605197837164
0.04137152945875291,0.0006734028631390635
0.06941649823295895,0.0010875063395841516
0.05382875942575406,0.002565620433171806
0.0757800396979086,0.0009639484086520841
0.055668601132842756,0.0009578686898957954
0.07587875496223857,0.0033954956769529686
0.08704698980085074,0.001917870428840693
0.062435702701394265,0.0013712310521852903
0.06445841188128383,0.0007702926008099359
0.06956327339520495,0.0008705511850038695
0.0968869517331526,0.0021948927759149247
0.048723358225213016,0.0007188989737951195
0.0720020060757165,0.0002964491618104018
0.15061435758513933,0.002184208838754036
0.20147723974458204,0.008670068873581595
0.064130625241686,0.0005974640426766119
0.06146859568648334,0.0006310145147958637
0.05202480000483372,0.001388351845202885
0.04306784348373354,0.00032836218730039916
0.04821087093338497,0.0007843466952846195
0.10277017473897912,0.0032185590515126316
0.08479817708333333,0.002561338232423449
0.10915144044856923,0.0008731985410834303
0.03905154860305491,0.0007199946706596739
0.042024336149302864,0.001024143425013487
0.029184543837141752,0.0005812258380399766
0.03426012362238979,0.0003006522657022946
0.03686957717034029,0.0013116405712237003
0.158119160292409,0.004042570730393642
0.06675383363187451,0.00231317635540542
0.08187882758036406,0.008657774419044079
0.09984500568841984,0.00801617195361758
0.03812332330336427,0.0009204479159913497
0.0795139392401392,0.0016262510543928574
0.07076106821262587,0.0023396427847651056
0.06791867568155452,0.0010305287614089478
0.16490338682759287,0.0010592843812508525
0.1267596265479876,0.0006530272152710224
0.11170180577072038,0.0011836021442103413
0.09634080291440744,0.0007917602415096586
0.16717080856051816,0.001447558120723149
0.15802676974574634,0.002226843234836852
0.12085357453596288,0.001908382916714767
0.125365359943842,0.0007917438125127645
0.08935471231119288,0.00019769941844497452
0.13112787304234338,0.0010647054674606216
0.07086583498741286,0.0002553880509123654
0.10309040869102862,0.000868137812260617
0.11447646280452436,0.0039896444537188035
0.16905860281322505,0.0033244335078735
0.09191298835689388,0.0030007000389351097
0.13039946020526724,0.0006153143334836522
0.12395584094644238,0.0017150866772614498
0.10657201600019364,0.0014354715545379841
0.11583385275464755,0.0015958781296389114
0.10145072022428461,0.001125296277440382
0.06877465990511232,0.0012116085268143134
0.06984502081719597,0.0022356073689876557
0.07528268118222309,0.0009301459792830913
0.1477718338497289,0.002477316154549912
0.11621888010747483,0.0011005144278832017
0.12806450297273783,0.002094386889146177
0.15821825377614251,0.007423219666132097
0.14198885916924864,0.0034615330101473198
0.1343348330993416,0.0031097483955909826
0.1489480616782676,0.002623943848807462
0.10037861622679814,0.0035752084577741557
0.06651349816318639,0.0005447478454860439
0.051063779894461654,0.0016756613193503428
0.031853459735112145,0.0004088491510093
0.034301095928543766,0.0005217690296320483
0.044498647487412855,0.0012648427116013377
0.04585040363574748,0.001343194595625019
0.03957004060324826,0.0008766794957766256
0.03611730550445391,0.0005949597498889672
0.07323537955073586,0.005530088793489335
0.07812877634377417,0.0016048409864429494
0.028854736517234702,0.00042605316444162614
0.03087631922927963,0.0003485919495427056
0.030128957687838884,0.00022891931959341205
0.029366467370255615,0.0002479065259361585
0.03253395688321732,0.0003214980594207924
0.08038537937790248,0.0008118705140707824
0.09935483334140201,0.0006314580084488592
0.10873921318261039,0.001159150536600185
0.057407653950426026,0.0018637145728885658
0.058754999879157,0.0012637350025652137
0.07510656842130704,0.004132147692610624
0.12345132141821345,0.001425473869628847
0.04578118948489543,0.0008630881028024233
0.08411956810711524,0.002349480468652817
0.08558705529775715,0.0007867636028637596
0.06193607486928737,0.0013404212039106968
0.05779882963553751,0.0011903216402772202
0.059788923315259486,0.002150511431520268
0.11561578572119102,0.0024593127316962873
0.11536486069422928,0.0005492674305359372
0.11327633314775368,0.0007400041526078117
0.11811308185904873,0.0028795795678303927
0.11103954359508134,0.0015835385384937706
0.072740311412413,0.0018146889941192308
0.1266574372824826,0.001746199217658989
0.04012478550367363,0.0008074013185092642
0.21231768817724458,0.0009831982065071421
0.14389962359604958,0.0032403437204158304
0.12655849707559938,0.0018266389528728351
0.07985005869965144,0.0006092965650689191
0.0940547509425754,0.0004907490255930716
0.16262748936581592,0.0017358702044550666
0.19313206513845857,0.0013378874662976115
0.17814259776198763,0.0010666705690838823
0.195677859943842,0.0036814811493016365
0.19005054258507348,0.0011210150997598297
0.21153281734120838,0.0004601672420741998
0.16815416847931167,0.0009688605563566091
0.11470675893202943,0.0018042538577873982
0.1141705789588167,0.0022404383305438375
0.11652588457076567,0.0009156582730413544
0.0932012972496133,0.00045363849592001477
0.06197279230359907,0.0012080955041635314
0.1005719542134288,0.001604320822190662
0.09263322670762383,0.002946829365266415
0.12807265443454685,0.0017683735608510548
0.07970728804137664,0.006873456839239584
0.15129317116202629,0.0005814946701336362
0.12398901953427575,0.0009068269281942403
0.04623944134280743,0.0006106768972062967
0.05418825038729667,0.0011238217720529263
0.10218861779775715,0.0009129156119352927
0.11168856809159566,0.0011543890577353658
0.22114148128872968,0.0042733319693043234
0.17590681884198295,0.0025711249088564846
0.055363756293570876,0.0018467366960368257
0.16530948937354764,0.004748633443158791
0.03513812354988399,0.0015813384638949039
0.12145268021398141,0.0016693284769126108
0.04708642464659179,0.002899619972364002
0.04071985742641363,0.0016797643992410103
0.04081289939969016,0.000917709023786685
0.057314611977149495,0.001628368286872882
0.06951975213013169,0.0005714147325732596
0.0632258132733952,0.0011169493729715498
0.07589766593241673,0.0009690305882653467
0.04851495933384973,0.001035763984904858
0.03315811689097599,0.00019359626130735171
0.09021836330239752,0.001869860110246211
0.04234527564288476,0.00017752372261118035
0.039219218266628,0.0002989510468357636
0.04751040859798606,0.00019772338788910586
0.055553622434159566,0.0006033921694355887
0.052347456550154915,0.0005079546361830244
0.05678488133217324,0.0003414355303605237
0.0576103900812065,0.0003069060675634961
0.17782160854118328,0.005494914628487354
0.16493294723994587,0.011250411446657133
0.03877618791150271,0.0017683775862757255
0.038282685010634185,0.00131087901860216
0.036082509319326106,0.00024661295700561446
0.07661741745739736,0.0007285408987023239
0.0410371835060031,0.0003646700781775376
0.07621832402842227,0.0013158270302807086
0.1956646222647173,0.0024836127306865283
0.2611900618716164,0.0027153221186054276
0.054934472882830626,0.0004170505568113644
0.122567656975058,0.0015875556637727029
0.0403347502175174,8.751692183834449e-05
0.0897584046307038,0.0005659748208064605
0.13270865054621037,0.0010085737459966822
0.04445285310324826,0.0003197938067175621
0.04169914322312452,0.00023141063651261622
0.09711728734992255,0.000708499145249636
0.047555038487606505,0.00013623394429765546
0.12642134851859024,0.00040219141400997966
0.11921173024786987,0.0028748908627916074
0.11401121344887684,0.0017149529130718179
0.032595704637877615,0.00041905826066576126
0.08056867556642137,0.0014834518440215998
0.11620677708656081,0.00038991851759994907
0.08513151445100697,0.00040445162415972733
0.10074252033307514,0.0006199986020139453
0.09870494066608662,0.00042156955312032765
0.09650646301316809,0.0003136527562682419
0.1063086088553751,0.0003736693365296857
0.10440110717395511,0.0007000305419487914
0.1061518905887471,0.001329719988742231
0.08271166670701006,0.0013703158814707059
0.04348761963457077,0.001541341250153735
0.07886101495933386,0.0007416946550181909
0.06552953742254067,0.0004777723673501152
0.11385954746804802,0.0008448003381716816
0.042409741721533695,0.0024065199262583463
0.03124622365622583,0.00026816575408451695
0.035700507721727344,0.0004564197802723726
0.052454547926334104,0.0009754621131398876
0.02924127674767622,0.0001328976299876392
0.04100011800445391,0.00033901675885238873
0.029299900755228505,6.768575117738119e-05
0.09051896026682135,0.0009141498446999103
0.0561232659029389,0.0010128940275705297
0.027640192986272235,6.616943757289336e-05
0.03799592128195198,0.0009885388550760087
0.08248057465143299,0.003070288491625692
0.05113677623934934,0.00019801292177988223
0.026975364300929512,2.8327887579049878e-05
0.1373916023189388,0.0035587250097224546
0.03281734120836561,0.0006124506272040861
0.07582769534275756,0.002198371946166485
0.031224320862335654,7.047388113302353e-05
0.03423746555974478,0.00040217118871583506
0.04679633036405887,0.00037435493350930276
0.0735356094112529,0.0012107666349902065
0.12138800469597212,0.002930952014347955
0.08996119429137664,0.0006182048448816311
0.05576186980375097,0.0009262945554052238
0.059129613181554526,0.001010586052202335
0.06481697206622773,0.0037197440945284854
0.04046352354021655,0.0006220233617525092
0.056057935155645784,0.00027039610920994036
0.039280732595855926,0.000350914680230979
0.11977187318454686,0.0012585323274284113
0.10908112352343145,0.0016491014869777002
0.09266014718677494,0.003161818760717653
0.1340742399302866,0.0014242537960340532
0.14024812089133798,0.0013875721032514908
0.035248535534469404,0.0002156862418123402
0.0992493101278079,0.0014938521409125123
0.10407690259488768,0.0018529755578260351
0.12297841728795507,0.0008090518637367661
0.06565400232018562,0.002006422545559439
0.03504883568938807,0.0006398636687918636
0.0725825728601859,0.002789918448641649
0.1172637821442382,0.005070782305632289
0.06285930843338497,0.0031576727139334838
0.09471899811192874,0.006957205885821892
0.06537039890274556,0.0015045753739699951
0.07848998172443843,0.005052985317538701
0.06427525920823667,0.0019933827845761394
0.03686504526529822,0.0004938630795139665
0.16003012011794276,0.0007202748306619072
0.11961833248743232,0.0032100698499204126
0.1315681581622773,0.0007248570666480806
0.1243840783304331,0.0003889644494905283
0.12921402201759474,0.0008881181117221527
0.10497216079369683,0.0028896467546809523
0.11636878866976025,0.0029107561556380585
0.14315907000387296,0.0015044412725632652
0.12363954480538343,0.001679664429092453
0.09070306448489543,0.008207429307007618
0.09790322727052672,0.0021998553025693187
0.06690019576566125,0.0006765133314851965
0.11034361989252517,0.002109190119116984
0.10399482898431449,0.0007081640410911265
0.13196717963303642,0.0022143722470633486
0.12837038681844548,0.0011025440797226291
0.1124727347979505,0.0010481175484650907
0.1169322191608662,0.0023328331538258686
0.10642602331041828,0.002425454733130311
0.035427013848607886,0.0033420191390207323
0.03753222429318358,0.0013587856767707553
0.04743514293667699,0.001204768054007095
0.039771319726411444,0.0006961332449734129
0.07217560878195198,0.004914971144772784
0.05040399325696056,0.0027003736619167643
0.11018703705945004,0.0007222824236250631
0.06557356619779582,0.0048146142268454956
0.09991133840460527,0.0004206989722316382
0.09111585115131579,0.000584779266272264
0.043013688490912604,0.000727993899496323
0.03924338686678268,0.0006454014080086664
0.07113853117738188,0.0012356408156352866
0.07914392307319908,0.0007130104813071874
0.0596934213070379,0.0006187649552527453
0.05179903841498838,0.0004124467446869691
0.05427486263071263,0.0004741839003814939
0.04597396437548337,0.0006739750380843904
0.09736312996223857,0.0015412011800074678
0.12400225721340047,0.002772263197244237
0.022918204758907823,7.687878029451584e-05
0.02774125859314485,0.00044771008735728073
0.03548668008023975,0.00028776124371844493
0.1356817659996133,0.0016435426609298102
0.17610878800348567,0.002765520165463039
0.03321636267912471,0.00015862943794137474
0.03181203403369481,0.0001348181432182347
0.03354503534082107,0.0004020577507422169
0.04814430431835786,0.0003386308313470855
0.059218734894624904,0.002499594517152208
0.02841774216937355,0.00012288357610797985
0.10598761963457076,0.002145886315317379
0.14720790871901626,0.0012393766594950362
0.0810648994238962,0.0017510946059802177
0.09858636347157773,0.001372301808883114
0.08269475360112143,0.0012107086275875809
0.0429082348954299,0.00016392157678185544
0.05176878086270333,0.001389613241777598
0.09934537785631294,0.0007655826702729408
0.09217262120552977,0.000647187384064074
0.09668876476568551,0.0008249917303350962
0.07462987449167312,0.0006094857511593565
0.04878879018202943,0.0010835811617203503
0.05759528470610982,0.0006162376061390339
0.04761478574535963,0.0005587460096578446
0.05274950377614253,0.0009157472503823626
0.11814401687161115,0.0026221797642030638
0.059108843290796596,0.000488203270956198
0.10673313746611154,0.0009683555113874446
0.10523386141724671,0.00038479629926864586
0.06166148758230054,0.00487103521404711
0.07932965366395979,0.0006414348275285145
0.08891023781902552,0.000486910103268324
0.08294469874709752,0.0013147565628512884
0.09935445512199845,0.0013447598503942661
0.14265263422250193,0.002347722511307594
0.10985496042312161,0.0035269435157703538
0.07002058862625676,0.005686776705137922
0.13207118996901626,0.0009569594182736976
0.10665716538573086,0.000892523287673506
0.16526448126452362,0.006401053673911274
0.1388114379599148,0.00035946827736248757
0.1409869559692099,0.0010245645239158401
0.17184852464175057,0.002531704323591444
0.18873261703621225,0.002230866204927682
0.1619530343677494,0.004547514742719869
0.11706268759682417,0.003294184934951729
0.1746457034271075,0.0009730996080010008
0.1197930534711464,0.001565254741209433
0.10793205904389018,0.00048484075711083805
0.07372593011715724,0.001163474150254052
0.1503993105906806,0.0029392634431749626
0.11748894086463982,0.0010434332734831253
0.04874957704949729,0.0023163252879608636
0.061944877465197216,0.0007048572889708632
0.18432862649845322,0.0028842119158879885
0.1298234780137384,0.0016418798644894463
0.1191474224187935,0.001023046147873111
0.06392217106535189,0.0025900727034752122
0.08654633985584366,0.0013609187591216328
0.027839595638071264,0.00010746596307604274
0.045676800929512006,0.0004277583904077863
0.03692093544566899,5.987872911819308e-05
0.0396861837964756,0.001889772645088126
0.03356167699457785,0.0013408132470860616
0.03792065562064291,0.0014665222974426964
0.054209792512567676,0.0009799588848908667
0.14818333656080557,0.0028208711562909845
0.09939946323102246,0.0005840062921287124
0.07250919917343387,0.00031922519036620156
0.10599781576276102,0.0024775394761125946
0.10537722090433772,0.002029316382241143
0.038434655790085204,0.0021888616065839457
0.03351477778853602,0.0027473916700352444
0.04399258992544539,0.0022233115891684657
0.15343964496326373,0.0022356804768518088
0.10685164709010055,0.0028815351675010696
0.13118123971243223,0.00212583941488644
0.15446567756670534,0.00794288499332774
0.12572883434841453,0.0033739155572788497
0.04467792348470178,0.0001785872888983084
0.09309227645720372,0.0014160147636678383
0.10214367930684455,0.0007632103610233803
0.08883320040603249,0.0020125525798891358
0.08595792384779241,0.0009780812395137608
0.07303788730181748,0.0029946392561458228
0.035191747631477185,0.0001556914194332694
0.04142724647138438,7.616212900110836e-05
0.07857702834976799,0.0005003266198802512
0.06270461669732766,0.00012674381366302304
0.0733339526537123,0.0007656270245824489
0.06840362667021689,0.0006854496099322438
0.1650791537567777,0.0004343767292954308
0.10257758120649652,0.000695030531325692
0.12247198150658405,0.002123480038814769
0.10751264765685516,0.001018137341488193
0.13482264779098996,0.002955514034154692
0.10286849160050349,0.0031907788109234725
0.10378147960170148,0.0003134351858982268
0.055972689533307515,0.000863891573561337
0.07411360500580945,0.003202233018352195
0.13115136037955075,0.0020171830221562765
0.19508742991105954,0.003633297287698481
0.19199135541731216,0.002966301878185806
0.0766892340970611,0.004362580655353129
0.20325964610766847,0.0009419867885544264
0.14115028941898686,0.0009852279131138595
0.08271627876063418,0.002481851310175362
0.09235020998741286,0.002806343852121949
0.06615814421403712,0.0011211310378421264
0.047084533549573974,0.0002541490832769292
0.049772588577919566,0.0005050069517288379
0.08089759159899458,0.0061151168479756084
0.04809702484532096,0.0025710556624247154
0.05113244997099768,0.002491621497333324
0.049007779216692485,0.0013956976033620003
0.04793124335363496,0.00028499088591085145
0.08212679149748646,0.000894819684435454
0.08882640298723898,0.0008347181929270296
0.05177710168958172,0.00035727014572702135
0.08381255135827533,0.0019460707027706904
0.044127614252517426,0.00038371208808797477
0.07042805611948956,0.0006025126218918562
0.052497609653369484,0.0005999491355958202
0.0700632534130519,0.0005688782921750382
0.046053507455460885,0.00035482147160281866
0.028419252706883218,8.607499119292306e-05
0.04195852597308288,0.000295556831590002
0.08489474910437646,0.001047550529048391
0.046909417965724245,0.0006221074979666431
0.032948583341402014,0.0004812066568345432
0.06592212272815158,0.0015147469724910313
0.06696752759488768,0.0036225171438531733
0.12076432089949651,0.005392753341368812
0.05079108370449264,0.0012259131483242927
0.06768680817382057,0.0011156030930337501
0.04419645018396592,0.0014046042737243215
0.06122737214810518,0.004398519022558222
0.03847527854311678,0.0003717642485144984
0.09891361201141641,0.00033973793450011927
0.09691986296403712,0.002171223450284764
0.05471695548143851,0.0006800452581716107
0.04648377078499613,0.00016782490634035128
0.09127531044248645,0.0015513149001354929
0.10713064605925639,0.0024026481323348573
0.10501413027691713,0.0014934892278500927
0.07698567708333333,0.000316073212865764
0.04906262103020914,0.00012674011181726494
0.08115188988671572,0.0002587718503563069
0.07207718544566899,0.00027441672803457125
0.044043649544926414,0.00016580334150917073
0.11714256150908739,0.001198283305383983
0.056687145986638265,0.0008329088019691969
0.08119792170568886,0.0007624614760520322
0.04112152643299768,0.0003667556014903586
0.04553005180092951,0.0004424589280265893
0.056539640419248645,0.0010060480599465235
0.048335305117157244,0.0002584265126928185
0.06048030838497289,0.00035950382326422074
0.06091015927107502,0.0013567330510964712
0.06676198158352668,0.00016087440528658593
0.057723302760054135,0.001568803457528094
0.0642673288863109,0.0008322174364458582
0.10166634945378963,0.010396396940838272
0.12022157605538343,0.0005347640074061842
0.10335942038632842,0.0023190808754921786
0.0937231879592034,0.0007217266169270658
0.048433119441221965,0.0001708857911612099
0.0965041936967467,0.006331668582127428
0.08404905051800929,0.0025035247887900576
0.0656297655644849,0.00176649666811782
0.10024380075406032,0.00028859696262370494
0.08141588703040278,0.003139300932080954
0.04670328839078234,0.0006589635306637278
0.05774558318832173,0.0013190235165071427
0.10184692099147948,0.0014965824087987856
0.06480676014233153,0.0018182358256314637
0.04865667899265275,0.00048822604141654594
0.06975878679318358,0.0018961150395410307
0.07041688855538343,0.000703210888783909
0.12443694714327146,0.002094712017641706
0.140974689433488,0.0005044979234441048
0.1180664818938807,0.0010239493357440865
0.15544098869577846,0.0015890871595416513
0.13819605568445475,0.001507380013818553
0.07381399054276316,0.0013252428805806727
0.07493303139512383,0.0008676774023336276
0.06158277198626161,0.00043326744018815723
0.10913123730166409,0.002890964595014098
0.07454867997774768,0.0017615935228323175
0.10507154907604489,0.0012713729865900937
0.0838082611745356,0.0015646340903484083
0.09394349845201239,0.0012168118647686067
0.09841739430147059,0.003494829313934359
0.06711486249516253,0.001575557795843948
0.055127028710332815,0.0013691626318410898
0.1023432964880031,0.0017193678213135468
0.15437327531951975,0.0022950036489702056
0.05793640467660728,0.001865306855223075
0.05089907192575406,0.0014104914526222422
0.04915628927397525,0.0006210210174167486
0.057995954780549114,0.0007669892420741565
0.03966802926510457,0.0010631942382586768
0.06873494686773819,0.002077046004496494
0.05312975819315545,0.0013950391411718206
0.12170551769141531,0.0018840777074883414
0.04679078753383604,0.000293777518156206
0.04287759912374128,0.0011328672108484564
0.04793250145236251,0.0006477809758861281
0.02271584070475638,0.0006540975219983503
0.050176657361755604,0.0013198440667993373
0.06864266133326878,0.0005094645749797772
0.09416162147138438,0.001086905703127338
0.10003676292602634,0.0005288605948118851
0.12433838457076567,0.0008699272662331733
0.10007952979988399,0.000742961749694454
0.1407613260102475,0.0008605815806251476
0.044198705167246714,0.00012956893375274444
0.030508689969016265,0.00023395018319596604
0.045282318091595664,0.0007668792707173306
0.0435219843629157,0.00046371051346458345
0.04958511210816564,0.001174181926707395
0.04496763954783114,0.0015159878888080197
0.09020759706622773,0.0024206930416933144
0.09179611856119288,0.0045993688209774565
0.03341606252420604,0.001959023501118441
0.05524451070668987,0.0028828417309027963
0.05842419216453983,0.002103374264864115
0.039168992894431556,0.002224863266358468
0.038840485210108446,0.0005622966633293534
0.05675164950696056,0.0007421819444252306
0.1374154301413633,0.0028636143122021934
0.10741355417312161,0.0012801219150314258
0.06227760699070488,0.0006671557934317035
0.06680578717130704,0.0021629558987425372
0.03897639936194896,0.001967174878866041
0.051186701200619675,0.0006460101635356161
0.17576233902982186,0.0022270692518598905
0.1636301086378577,0.009214271259888959
0.1391575128093581,0.002634584850631316
0.1279633490269171,0.0041447776984367265
0.1439780156370843,0.0009355370092790727
0.13923693478892332,0.0019133822442916663
0.12072140250386698,0.001331998339067263
0.06504276905015492,0.004834079514467292
0.10143617471920992,0.0015310930133633298
0.09642478429524362,0.0010972208548605848
0.07103113822022429,0.0020855895179688493
0.09895455698955917,0.0007892364119390223
0.1181327188466744,0.0011975250170532222
0.11172388582753287,0.001160182897001449
0.10481480865123935,0.0018369424627356467
0.0880832185324826,0.00021318545564738385
0.06966385372288923,0.0009014831314537486
0.10810350505123743,0.003914668454756481
0.05872894310711524,0.005884994556728106
0.0674477656129157,0.0004867875142470418
0.09207864845565453,0.00089674289264064
0.09446788295146945,0.0010076030323391
0.056093719742447715,0.00039413313093618357
0.06478822739155693,0.0006221649994557727
0.09101812124806352,0.0003780925534768245
0.0931191300348567,0.00034725248819601485
0.09357148044151821,0.0013497364111038396
0.09016750580945004,0.00028933275172094016
0.06494745776045702,0.0019839579705771145
0.06984199506196746,0.0026693571803042197
0.06340923944616576,0.0009706246507130258
0.11764287616189001,0.0014772528067571486
0.06135576783642691,0.0006560124148649254
0.0483802506283836,0.0025228639296936417
0.06868199615123935,0.0012460802801657369
0.054610721461076685,0.0024433108432053065
0.07968439860089079,0.0017140850898771382
0.0784833750241686,0.002541301694750699
0.06826330727149496,0.0007552838392605205
0.07502549198780016,0.0010080490513439543
0.054085550802397526,0.0012551945175245092
0.08826674883990719,0.003167930313086448
0.06139154109423375,0.0005584218418598517
0.1287249854988399,0.0010173100993223513
0.12452155245449265,0.0011585435557743828
0.09638202882939581,0.0033787069241080015
0.10842982971049574,0.0008534043752762056
0.11183796475600309,0.0005899200475181273
0.13777310518174787,0.000875788550034123
0.13333703415023201,0.003508165259259813
0.02917962698489543,0.00020120857882558246
0.1172233752658546,0.004063932270592212
0.05327674162470953,0.0010208210328936154
0.03200152195487994,0.0006909043127013654
0.03170726725890782,5.1159491497336756e-05
0.09120436666183294,0.013364688442154781
0.09524245376646011,0.01152144853726957
0.1230491408062645,0.012254022385138789
0.0687509070239938,0.0007123255647634568
0.14375445608565351,0.002486897653016294
0.11771278941898686,0.003268872976545106
0.1528721225067777,0.002961968248462834
0.1076503437983372,0.0017286814592314442
0.11677436799110595,0.0018317974863503188
0.1833184545388631,0.0016550564131767892
0.15026278684159566,0.0022320391884999968
0.08014696093144849,0.001327933560106619
0.08922027564288476,0.003313569233123766
0.15495697989172466,0.002648780054182703
0.050339040144044854,0.0009010283389732749
0.052133006148334625,0.00150853580150208
0.05712059829369683,0.002966337879900169
0.04874164672757154,0.0009164715112651598
0.047634045098607886,0.0007812771067048598
0.06903222731893881,0.0012921388596631494
0.05748443248934934,0.0015975606375616164
0.07699488042215337,0.0017660704477423304
0.08377900186386522,0.003104581214572502
0.04623944134280743,0.0007881532535179267
0.05779268130325329,0.0017260004129920597
0.044140927107501934,0.0014057005418895894
0.11600707724147948,0.0006408528824297069
0.07071189969016266,4.4353653363878923e-05
0.08789138026875483,0.0035888151146892455
0.07966763643174787,0.005228411234946571
0.07791881162993039,0.0020198485393102066
0.07938743172370456,0.004918720551940552
0.051442487794856925,0.000429686292146812
0.07847182719306739,0.0036667162744103586
0.08063524218144849,0.0018348746189620966
0.057624751888071264,0.0007105316310890443
0.05367581750290023,0.0015583024152018303
0.056234795579976765,0.0005073671444779457
0.06350299690641918,0.0001906854850719434
0.102356382528079,0.0018045169629198662
0.1116480986154144,0.0014191190206855225
0.11056849240518576,0.000766502996645494
0.05123246574845081,0.0015192742057414646
0.06179948822989172,0.002773638894140285
0.06072360788863109,0.0030745756705212266
0.1000395005558778,0.0013224216842797625
0.05190811098221191,0.00151718658362924
0.09301248006090487,0.0010223092002176674
0.11387904521945089,0.0005388287468028941
0.09470462577459333,0.0008416159949439353
0.10281970129744385,0.0010734419850012545
0.09002680819132455,0.0009243280636189238
0.12365184527262181,0.0045712673019556015
0.0706686092179041,0.000584720598865347
0.0780932295701007,0.00034769121285086976
0.06773023612722351,0.0004118393115264414
0.06070307961367157,0.00033900515750410126
0.04304616504737046,0.00021776015282166104
0.06352716550657386,0.00043036159818441664
0.06874418443058777,0.0004816656298135095
0.07262815400232019,0.0003974275889509364
0.04643777836948102,0.00017128886094976189
0.05684643573569219,0.0003117458970233717
0.06489450704395817,0.0005930657704153193
0.10296493754841209,0.001973537012128357
0.10767868597501937,0.0021437671331751037
0.06409711808243033,0.0015662844309789318
0.05261872944078947,0.0007104359777194778
0.06310808400251548,0.0020485325166197796
0.05484105707784663,0.0013178734367771826
0.05857449064675174,0.00034636576940898494
0.059981436991673125,0.0009343418688156595
0.06071454466357309,0.0013384305565950724
0.12696825377614251,0.0013656004486576443
0.1706779355877227,0.0007868673197978917
0.1526417035237819,0.001538446597736492
0.2042986876450116,0.0028779510854625512
0.20651426853731633,0.016775460094396826
0.16201557658791635,0.0010612988563236405
0.14115072497095274,0.000993975257469219
0.20935692111250967,0.01776687596034083
0.10905527404218267,0.0006804717288754817
0.08562457672213622,0.0036885973400060425
0.07216547443401702,0.0016534082377076573
0.030729217056888546,0.00029639198970901625
0.14163257649109218,0.0007833383309821566
0.1578880682368319,0.003130109714261871
0.23537308765951276,0.002277632137137606
0.2097483293455143,0.0007088761240580946
0.1102707487432328,0.0012510828853101934
0.010496347520301624,5.508837997475377e-05
0.07003186120255615,0.0009804380552780128
0.08121744791666667,0.0049351759564172796
0.05862207257830626,0.0030741534210324516
0.07582822771655066,0.0011330254856839036
0.051796769098567,0.001209803606785936
0.05042458910243997,0.004114835451343342
0.07438868546983758,0.010979304528931732
0.07003418346384377,0.008380835112673485
0.06656674461040217,0.007953805566754363
0.05704115934837335,0.0044788424694082235
0.07383826128001549,0.011160962824237168
0.061464148902745555,0.00887797842014354
0.08719275667053364,0.000446752306100663
0.08300554318357863,0.0017359206829977148
0.036127903253093584,0.00010642224827686953
0.090170781370843,0.0009364849430641972
0.11354068481728538,0.0020558924393676947
0.1665693382068164,0.0009063008249306424
0.15821861999322756,0.002786863643487616
0.11664328560371517,0.005577814661393525
0.12517195663215944,0.0006594773719059589
0.18308466668280401,0.0012580797446697745
0.16816239833462432,0.000775857814793966
0.13804365257068163,0.0010279006053405912
0.05942280693261038,0.0007814962460130826
0.0963113018009295,0.0007675484779710289
0.0763489855230085,0.0010436207924009611
0.10096961402745552,0.0011327234716185504
0.05397190888845856,0.0014314240057668865
0.0682966876933488,0.0005481168802121459
0.0702094058149652,0.0010704130067310442
0.1083738532387684,0.0006636575480458803
0.15118677684450038,0.002136723328071133
0.051138289116963595,0.0002445143626496562
0.07531142585689388,0.0028320422559173124
0.05476692607474826,0.001349690686342196
0.08107017050947408,0.0014032070524127671
0.09333649035672854,0.002158443719367949
0.0487003857875387,0.00021275971619547576
0.06056614925986842,0.0002485183346090865
0.05590744727167183,0.0005174821738680128
0.062060471289667185,0.0006542113764679174
0.03676168246904025,7.946588890487322e-05
0.04788182005228505,0.0006771831975257708
0.11378728006573859,0.0009434408104465793
0.05100254374516628,0.00017903565054614714
0.10728533779531371,0.00390914316683782
0.12434378933481798,0.0028146377558615153
0.06718228864559164,0.0005013455800122501
0.06418194168764524,0.000671876629240139
0.09394652186532508,0.0033236156513953546
0.03481498222232972,0.0019185782730917025
0.0913766205495356,0.004581851657071833
0.07904899000290473,0.0010424853357545
0.11214810466692486,0.0008428725113710176
0.09767212291989164,0.0007608587591778978
0.03975539794732765,0.0006550620252724297
0.07561901827146171,0.0016563601366883203
0.06237500302107502,0.0007306702020915
0.06363730574651433,0.001331396769420614
0.06620194980181748,0.0012524923872446185
0.0798315297515468,0.00296721809098893
0.0709420165071539,0.0013652894853849165
0.030138999661639597,0.00017515522937400444
0.10661399835398916,0.0010402592129695296
0.06510290593532146,0.0004886235993507174
0.052696174840240126,0.0005799228323924928
0.05317054270591647,0.0003797267210661889
0.15450338279434547,0.001034523345874189
0.0330709529679041,0.00027672436085901487
0.0680291894606894,5.871055847420688e-05
0.04345400549477149,0.00023286125632721657
0.06523982135941131,0.004345585965515628
0.05929307767718823,0.0010787638870936142
0.07643697433294663,0.0029292004969076546
0.09563466728795507,0.0034264834186714336
0.05600959795533643,0.00286479108648889
0.06155974656274206,0.0014346107342089532
0.13199869791666666,0.0029602680171879024
0.09683627033307514,0.0013343254117796082
0.1151451152207591,0.004391617937156236
0.13060107308584687,0.008389280117565404
0.07161962625871418,0.006528984070330043
0.12965396606728538,0.002484739791385999
0.16436129332881488,0.0015393626821581187
0.1055986562258314,0.0019502312437296887
0.12926764609918792,0.002440628243299379
0.11852639668861348,0.0015557322192098423
0.09913961215654024,0.0007229392265832216
0.0626277392124613,0.0004305576716878084
0.13919943022525136,0.0016808542344073155
0.1356840318058778,0.0017759141048273776
0.06485176825135554,0.00013228325062011767
0.09415551531056501,0.0013454539632802727
0.09774763751933488,0.0005653940251851243
0.14845111589852827,0.0020714498685603052
0.11574345831719597,0.00229567186059648
0.14728506547734316,0.000829859081588058
0.07731598869577846,0.0005201002476350017
0.13979140443454685,0.0004521157412830795
0.03688017404144074,0.00022934566098913188
0.08250440247385747,0.0006552261055301933
0.05285219692575406,0.0009998409883821408
0.10866432574070488,0.0005888322430190284
0.12964150852052672,0.0035830402275334253
0.18014141652165508,0.0012378291750939443
0.11203543418890177,0.003093130503684177
0.11321997845662277,0.00200949071112433
0.14488375048412083,0.003040374510909852
0.14825208152068833,0.002096507416359804
0.094388056133811,0.0009481100831765026
0.0918430177672347,0.0011545473195807958
0.10722663802687549,0.0003012169412318375
0.1065273861105732,0.0009352170110163041
0.1170937741873065,0.000652246873128678
0.15012779147331787,0.0017919454395703535
0.11646056230635167,0.00030826369653123934
0.08284505208333333,0.0007906744362736954
0.04699282192575406,0.0004894895167504127
0.0871043902262181,0.002100558318790062
0.10735347027380031,0.0008563175369690916
0.14423004244872292,0.0005401821978260457
0.14445604259384676,0.0009790980684999358
0.04808946250484121,0.00017811964670268508
0.11728115332559938,0.0007637895791180846
0.069510782216744,0.0006262139042390582
0.11857896918570875,0.0007358803012969626
0.0892569061774942,0.0003559746700843809
0.06703878758217324,0.001489382082067733
0.0946312512103021,0.0013548034757767478
0.11847093895123839,0.0011644997596420787
0.16415251621804802,0.006924530616559129
0.0886209666682804,0.000607855227004374
0.0710651253141918,0.004155458271153027
0.05133647608443068,0.00032404958190986266
0.10780009440356313,0.0013979974237477296
0.04222141156709203,0.0019818576736240234
0.05770115220759101,0.0036620919829910632
0.032547292554221535,0.0014196408038416202
0.09985786514814098,0.0018382923160866248
0.05155924731312936,0.00033905070345334844
0.03337824058384973,0.00012950892622033534
0.11238335713594114,0.002457169667958623
0.12618344851374902,0.0006674913607858451
0.04884854884779241,0.000250108982828922
0.09343267392041053,0.000778807631115609
0.06286743824922661,0.0008984605571475059
0.10200999673723898,0.0012827843320007079
0.10610204285092807,0.0012659724070756008
0.10993476471727343,0.0021671346378458194
0.09594821117350891,0.0007853446581415003
0.1001762042005027,0.0014479708947843766
0.10163927853892331,0.0005973360650735366
0.09820306457849962,0.001399782660791179
0.07298613296378777,0.0020243794638107326
0.04601076866285825,0.0007617428677468414
0.0653763585640976,0.002220080602512507
0.03849479267525174,0.0004973171184699674
0.06524049267691415,0.0017053962725645546
0.06169563877610209,0.0004405343215951719
0.0815259620501161,0.0018148369524616462
0.06901407278756777,0.0012143919652104227
0.0844223530693261,0.0007460357971506163
0.07426829674186677,0.00039041581719051265
0.14096826964907191,0.0013207080023538871
0.05549865864269141,0.0013679778822558665
0.05355044288959784,0.001610103782993662
0.04686858021558391,0.001215029164144037
0.054467716792343385,0.001991844330749047
0.05596805817382057,0.002453476872000195
0.1435085447327653,0.001721996834618421
0.1607511891218048,0.001578879929113231
0.08995175343194123,0.0007193755549170884
0.06287990018368136,0.0008158848431732453
0.06208800089423821,0.0004593189137684602
0.05763193805673896,0.0018394534153579156
0.05954043316711851,7.054127357118255e-05
0.056197659875290025,0.0007269924336241364
0.04517149132347254,0.00011881599798624
0.05272644467807425,0.0014595175303757726
0.11737858299497293,0.009018372121743298
0.04529262105746904,0.0030994301127473802
0.0489558642124613,0.0059793566727142575
0.04629374879063467,0.002790618821377118
0.045227239744582044,0.0036191055810315875
0.05798679977747678,0.008538776080177758
0.10909079914860681,0.0015739970722814041
0.06578332264233153,0.00013623171701044419
0.05141628037858249,0.0002884771341173986
0.1753447046597061,0.0026507526030664745
0.09611436883700696,0.0009094165657411413
0.05683313867641363,0.0004069031933281551
0.051410228868125483,0.0004811074193876618
0.06322958961716937,0.0005385300780295072
0.10175387901820294,0.001156590813397435
0.047915859798605735,0.00027489008675473265
0.10689350249322231,0.0007968206163101374
0.03613167959686775,0.0005586173110364933
0.031826784590433775,0.00042885418853626
0.03093505292923434,0.00029267624199433295
0.07549448404821843,0.0029883499854051216
0.06186345674380325,0.0025145013923130203
0.09494933372869868,0.002760858018171947
0.06810938104215004,0.00143327902275961
0.040200562185321455,0.0013726889245314683
0.03847663814388071,0.0010053715236733657
0.12045607208559256,0.0036233075627376387
0.10998374661639598,0.0034162532238710503
0.11419210411832946,0.002497465886112114
0.12443732477764888,0.0022260217056852467
0.11035421003582495,0.000737818327556725
0.0799999546838747,0.0006440377034036232
0.09166394769914926,0.0006062912873197553
0.08852920473221192,0.0008361218776072178
0.13174379471191028,0.0008638618634348363
0.09697613048627224,0.0022444530345705487
0.10753496260166538,0.0010484540583607107
0.039845035945972114,0.002179465886891987
0.06003476592757552,0.0005624901732465889
0.06552258555684455,0.0013840361145266945
0.09920165448295895,0.0018151299252563307
0.11414527745552977,0.0005318425775610966
0.09826650715390564,0.0013986770279633682
0.14006534585266822,0.002594397843123752
0.1363832693890395,0.0005756203051547249
0.12801932549864445,0.0030581748904536937
0.1549173282820959,0.002804678214598954
0.11983811569508894,0.002542248759199143
0.03140015310321456,0.0004210425784509396
0.11336937512103021,0.007337357986463169
0.04742984786502711,0.002523779777885268
0.04148766797177107,0.00046986080008745484
0.03222240852184841,0.000856393433948345
0.047097804282675945,0.0018475460952929088
0.047500574893493415,0.0013703226826359707
0.01898179198085847,0.00036513440349285326
0.04295589054027885,0.001840567995940522
0.03580187052188226,0.00028792726854594947
0.05831348942195972,0.00044132916813116585
0.05256568914601084,0.0004966715010059202
0.0519968471630519,0.00024800566696739563
0.10652776432997677,0.00834211819089284
0.077376125580945,0.0025581481167322264
0.072421451394268,0.004383662339318426
0.08073332064481825,0.003523419997977765
0.08012646220030936,0.0038215281199400243
0.06221141859508133,0.00048722231984059454
0.09053740438613478,0.004140046954418823
0.08794433215530596,0.0024156353218992995
0.06988992713167054,0.003680342511379668
0.06776233504930394,0.0015356641821607027
0.09389221049573973,0.002056340205603321
0.07749034784082107,0.0019308926041472125
0.04905392198392719,0.0008223134224702588
0.0704323955509295,0.0008449298040687728
0.11105656346824168,0.0006292615499252251
0.05368370570294345,0.00038713636636699534
0.17033123066511988,0.0016683026085364666
0.17787355974051122,0.0026630614916492907
0.10161923291053447,0.0060903511837136146
0.054452611417246714,0.0022102399447252886
0.14623475019364834,0.006359587998678618
0.11500744335786212,0.0032716102412461943
0.10218958777110766,0.0044971499806495405
0.08399534336270333,0.002067605503314046
0.07100615438613478,0.0024437905488004503
0.06654505652110766,0.0031204062355474817
0.05971305829466357,0.0019603825674255294
0.031126322255034856,0.0005774125257836503
0.10283634295120062,0.0027993354123907158
0.06378018053944315,0.0026822510681988
0.047422283476955845,0.00014312855491824974
0.14372564267041055,0.0012131796886868428
0.1417182515226218,0.0011914466309625672
0.15251016653756777,0.0008389334894223266
0.13733844801334108,0.0012073307263689085
0.16276369456816422,0.004726055279634465
0.18102725002418732,0.0077195909740135765
0.18088930679179566,0.005890792564898357
0.1623151857356922,0.0023240337390798703
0.0830539552672347,0.0014933536019374658
0.1279368736686677,0.00101265488446023
0.12491300953718049,0.0015356042095180623
0.05140208091647332,0.0015516778463807212
0.05013865523334624,0.0013726001480389343
0.05174797879550736,0.0008076397928269871
0.07676929258507348,0.001071239274737285
0.06349695475638051,0.0017205313103528298
0.10042103384004647,0.0015168128602555933
0.1486118591450426,0.003515971230066092
0.16137600903905647,0.0010206102394018225
0.1398568363913633,0.0008918409533481908
0.06276321116105955,0.0006106637889896133
0.0668154833946553,0.002167888460556059
0.07404628195197521,0.0019391794400764688
0.12169474063226181,0.004983800998316388
0.05958126389694509,0.0009110415248425788
0.08345373317680092,0.0052060279956076625
0.0578705945003873,0.0023286023655296664
0.04990136190061872,0.0012168233954753139
0.06181466644074361,0.0037715179699709406
0.07114858251160093,0.0024552590469893534
0.06511209698859242,0.0015206532416129881
0.0587259220320959,0.0036436029411869445
0.07963402697215777,0.0016773280693581265
0.0554019842420727,0.002879900520201361
0.08327328946732405,0.006960594973289249
0.10981003480278423,0.005878140851521978
0.07632391920023238,0.0050883460880744415
0.10144941239833462,0.008280187083542936
0.06510504849554953,0.0005219757528635228
0.060321804911059554,0.004859964380619952
0.04988562645236251,0.0035558553053598586
0.1288056436386522,0.0007894804074861653
0.11079294454395817,0.006082451701783438
0.043346591184159566,0.001151760811047363
0.05647106716453983,0.0015485895358130044
0.056717025319519755,0.0013911711889848732
0.0466174533546017,0.00039603414692784556
0.10177165533017041,0.00043560387871890494
0.0774127815641918,0.0005724714114604352
0.26235415859798605,0.012805194062056685
0.12701090305974477,0.000862862264582959
0.07802794796500387,0.0006549728844245291
0.0829183131525522,0.0026110543561488333
0.060208368633811,0.004400062068199581
0.051388292142718825,0.000985891597054006
0.06460908799787317,0.002486310274907679
